历史,年排,化学
76,240,86
87,386,06
79,149,96
85,28,65
76,225,97
67,470,78
89,92,
81,101,91
80,129,70
78,184,92
78,166,92
74,309,82
74,309,16
79,149,85
76,245,95
77,204,73
18,90,88
75,280,90
8,112,93
m,206,88
74,309,78
77,204,88
72,354,
71,376,16
71,386,93
73,326,95
75,259,92
76,354,
77,20,50
71,290,96
80,112,97
11,90,95
74,2,89
73,326,93
tL,309,90
82,79,56
74,309,95
69,43,卫
78,166,91
75,259,85
80,112,81
51,43,6
81,90,85
87,2,06
74,200,93
72,225,92
82,79,92
78,184,
81,33,8
91,5,
